question_id,image,gt,pred,raw_text
0,ISIC_0031067.jpg,nv,nv,nv
1,ISIC_0030818.jpg,mel,nv,nv
2,ISIC_0032485.jpg,nv,nv,nv
3,ISIC_0033520.jpg,mel,nv,nv
4,ISIC_0031922.jpg,akiec,nv,nv
5,ISIC_0033769.jpg,nv,nv,nv
6,ISIC_0026469.jpg,nv,nv,nv
7,ISIC_0029471.jpg,nv,nv,nv
8,ISIC_0028833.jpg,nv,nv,nv
9,ISIC_0025087.jpg,nv,nv,nv
10,ISIC_0027463.jpg,bkl,nv,nv
11,ISIC_0030774.jpg,nv,nv,nv
12,ISIC_0030783.jpg,bkl,bkl,bkl
13,ISIC_0030001.jpg,nv,nv,nv
14,ISIC_0034176.jpg,nv,nv,nv
15,ISIC_0025051.jpg,nv,nv,nv
16,ISIC_0027922.jpg,nv,nv,nv
17,ISIC_0033972.jpg,nv,nv,nv
18,ISIC_0028863.jpg,nv,nv,nv
19,ISIC_0030933.jpg,nv,nv,nv
20,ISIC_0025477.jpg,nv,nv,nv
21,ISIC_0033638.jpg,mel,nv,nv
22,ISIC_0030137.jpg,bkl,bkl,bkl
23,ISIC_0033356.jpg,nv,nv,nv
24,ISIC_0027791.jpg,nv,nv,nv
25,ISIC_0029702.jpg,nv,nv,nv
26,ISIC_0027224.jpg,nv,nv,nv
27,ISIC_0033281.jpg,nv,nv,nv
28,ISIC_0032049.jpg,nv,nv,nv
29,ISIC_0033932.jpg,nv,nv,nv
30,ISIC_0033845.jpg,nv,nv,nv
31,ISIC_0032271.jpg,bkl,nv,nv
32,ISIC_0025036.jpg,nv,nv,nv
33,ISIC_0032837.jpg,nv,nv,nv
34,ISIC_0026276.jpg,bkl,nv,nv
35,ISIC_0032145.jpg,nv,nv,nv
36,ISIC_0024578.jpg,nv,nv,nv
37,ISIC_0025570.jpg,nv,nv,nv
38,ISIC_0025394.jpg,mel,nv,nv
39,ISIC_0026836.jpg,nv,nv,nv
40,ISIC_0030387.jpg,akiec,nv,nv
41,ISIC_0025507.jpg,bkl,nv,nv
42,ISIC_0026432.jpg,nv,nv,nv
43,ISIC_0030672.jpg,nv,nv,nv
44,ISIC_0028085.jpg,bcc,nv,nv
45,ISIC_0030485.jpg,nv,nv,nv
46,ISIC_0027543.jpg,nv,nv,nv
47,ISIC_0031195.jpg,nv,nv,nv
48,ISIC_0028743.jpg,nv,nv,nv
49,ISIC_0032884.jpg,nv,nv,nv
50,ISIC_0033619.jpg,mel,nv,nv
51,ISIC_0027379.jpg,nv,nv,nv
52,ISIC_0026805.jpg,nv,nv,nv
53,ISIC_0027744.jpg,bcc,nv,nv
54,ISIC_0025771.jpg,df,nv,nv
55,ISIC_0031172.jpg,nv,nv,nv
56,ISIC_0032857.jpg,bcc,nv,nv
57,ISIC_0024775.jpg,nv,nv,nv
58,ISIC_0033395.jpg,nv,nv,nv
59,ISIC_0032246.jpg,bcc,nv,nv
60,ISIC_0030125.jpg,nv,nv,nv
61,ISIC_0025611.jpg,mel,nv,nv
62,ISIC_0027789.jpg,nv,nv,nv
63,ISIC_0031796.jpg,nv,nv,nv
64,ISIC_0032435.jpg,nv,nv,nv
65,ISIC_0025717.jpg,nv,nv,nv
66,ISIC_0024665.jpg,bcc,nv,nv
67,ISIC_0025595.jpg,nv,nv,nv
68,ISIC_0027858.jpg,bcc,bkl,bkl
69,ISIC_0029397.jpg,mel,nv,nv
70,ISIC_0026779.jpg,nv,nv,nv
71,ISIC_0032394.jpg,nv,nv,nv
72,ISIC_0032788.jpg,nv,nv,nv
73,ISIC_0028921.jpg,nv,nv,nv
74,ISIC_0029996.jpg,nv,nv,nv
75,ISIC_0028806.jpg,nv,nv,nv
76,ISIC_0031667.jpg,nv,nv,nv
77,ISIC_0028028.jpg,nv,nv,nv
78,ISIC_0027786.jpg,bcc,bcc,bcc
79,ISIC_0030633.jpg,nv,nv,nv
80,ISIC_0024977.jpg,nv,nv,nv
81,ISIC_0025021.jpg,nv,nv,nv
82,ISIC_0031781.jpg,nv,nv,nv
83,ISIC_0028280.jpg,nv,nv,nv
84,ISIC_0027405.jpg,nv,nv,nv
85,ISIC_0033610.jpg,nv,nv,nv
86,ISIC_0033404.jpg,nv,nv,nv
87,ISIC_0033891.jpg,df,nv,nv
88,ISIC_0024352.jpg,nv,nv,nv
89,ISIC_0031126.jpg,nv,nv,nv
90,ISIC_0026969.jpg,nv,nv,nv
91,ISIC_0025513.jpg,bcc,nv,nv
92,ISIC_0032270.jpg,vasc,nv,nv
93,ISIC_0034159.jpg,mel,nv,nv
94,ISIC_0031628.jpg,nv,nv,nv
95,ISIC_0028729.jpg,nv,nv,nv
96,ISIC_0024627.jpg,nv,nv,nv
97,ISIC_0028227.jpg,mel,nv,nv
98,ISIC_0024763.jpg,akiec,nv,nv
99,ISIC_0026009.jpg,mel,nv,nv
100,ISIC_0030673.jpg,nv,nv,nv
101,ISIC_0025264.jpg,akiec,nv,nv
102,ISIC_0029590.jpg,nv,nv,nv
103,ISIC_0030030.jpg,nv,nv,nv
104,ISIC_0031522.jpg,bkl,bcc,bcc
105,ISIC_0025825.jpg,akiec,bkl,bkl
106,ISIC_0025648.jpg,nv,nv,nv
107,ISIC_0028426.jpg,nv,nv,nv
108,ISIC_0027950.jpg,akiec,nv,nv
109,ISIC_0027275.jpg,bkl,nv,nv
110,ISIC_0029457.jpg,nv,nv,nv
111,ISIC_0029729.jpg,nv,nv,nv
112,ISIC_0029308.jpg,bkl,nv,nv
113,ISIC_0031000.jpg,bkl,bkl,bkl
114,ISIC_0031970.jpg,nv,nv,nv
115,ISIC_0028764.jpg,mel,nv,nv
116,ISIC_0027959.jpg,nv,nv,nv
117,ISIC_0032130.jpg,nv,nv,nv
118,ISIC_0032211.jpg,nv,nv,nv
119,ISIC_0027726.jpg,nv,nv,nv
120,ISIC_0030078.jpg,nv,nv,nv
121,ISIC_0032115.jpg,nv,nv,nv
122,ISIC_0024378.jpg,nv,nv,nv
123,ISIC_0031420.jpg,nv,nv,nv
124,ISIC_0032121.jpg,nv,nv,nv
125,ISIC_0030809.jpg,nv,nv,nv
126,ISIC_0028394.jpg,nv,nv,nv
127,ISIC_0031116.jpg,nv,nv,nv
128,ISIC_0024796.jpg,nv,nv,nv
129,ISIC_0029516.jpg,nv,nv,nv
130,ISIC_0033578.jpg,mel,nv,nv
131,ISIC_0032713.jpg,nv,nv,nv
132,ISIC_0027628.jpg,nv,nv,nv
133,ISIC_0033611.jpg,mel,nv,nv
134,ISIC_0026238.jpg,nv,nv,nv
135,ISIC_0027478.jpg,bcc,bcc,bcc
136,ISIC_0031725.jpg,nv,nv,nv
137,ISIC_0029867.jpg,nv,nv,nv
138,ISIC_0026200.jpg,nv,nv,nv
139,ISIC_0034291.jpg,bkl,nv,nv
140,ISIC_0031765.jpg,nv,nv,nv
141,ISIC_0025763.jpg,nv,nv,nv
142,ISIC_0028513.jpg,nv,nv,nv
143,ISIC_0033472.jpg,nv,nv,nv
144,ISIC_0033449.jpg,bkl,nv,nv
145,ISIC_0032427.jpg,nv,nv,nv
146,ISIC_0027194.jpg,bkl,nv,nv
147,ISIC_0033496.jpg,mel,nv,nv
148,ISIC_0030120.jpg,nv,nv,nv
149,ISIC_0024381.jpg,bkl,bkl,bkl
150,ISIC_0033861.jpg,nv,nv,nv
151,ISIC_0033842.jpg,nv,nv,nv
152,ISIC_0030817.jpg,nv,nv,nv
153,ISIC_0025291.jpg,nv,nv,nv
154,ISIC_0033598.jpg,nv,nv,nv
155,ISIC_0032381.jpg,nv,nv,nv
156,ISIC_0032921.jpg,mel,nv,nv
157,ISIC_0030793.jpg,nv,nv,nv
158,ISIC_0025778.jpg,nv,nv,nv
159,ISIC_0029650.jpg,nv,nv,nv
160,ISIC_0024973.jpg,df,nv,nv
161,ISIC_0031742.jpg,nv,nv,nv
162,ISIC_0030279.jpg,nv,nv,nv
163,ISIC_0025138.jpg,nv,nv,nv
164,ISIC_0026130.jpg,nv,nv,nv
165,ISIC_0024416.jpg,nv,nv,nv
166,ISIC_0033997.jpg,nv,nv,nv
167,ISIC_0024405.jpg,nv,nv,nv
168,ISIC_0029683.jpg,bkl,nv,nv
169,ISIC_0025539.jpg,akiec,bkl,bkl
170,ISIC_0026558.jpg,mel,nv,nv
171,ISIC_0032048.jpg,nv,nv,nv
172,ISIC_0026972.jpg,nv,nv,nv
173,ISIC_0030532.jpg,nv,nv,nv
174,ISIC_0028789.jpg,nv,nv,nv
175,ISIC_0032384.jpg,bcc,nv,nv
176,ISIC_0026204.jpg,nv,nv,nv
177,ISIC_0032359.jpg,bkl,nv,nv
178,ISIC_0034095.jpg,bcc,nv,nv
179,ISIC_0031906.jpg,nv,nv,nv
180,ISIC_0030444.jpg,nv,nv,nv
181,ISIC_0026731.jpg,nv,nv,nv
182,ISIC_0025704.jpg,nv,nv,nv
183,ISIC_0033809.jpg,nv,nv,nv
184,ISIC_0025546.jpg,mel,bkl,bkl
185,ISIC_0026977.jpg,nv,nv,nv
186,ISIC_0033242.jpg,nv,nv,nv
187,ISIC_0032512.jpg,nv,nv,nv
188,ISIC_0031501.jpg,nv,nv,nv
189,ISIC_0026125.jpg,nv,nv,nv
190,ISIC_0028395.jpg,nv,nv,nv
191,ISIC_0033474.jpg,nv,nv,nv
192,ISIC_0031695.jpg,nv,nv,nv
193,ISIC_0026577.jpg,nv,nv,nv
194,ISIC_0030424.jpg,nv,nv,nv
195,ISIC_0026965.jpg,nv,nv,nv
196,ISIC_0027273.jpg,nv,nv,nv
197,ISIC_0028895.jpg,nv,nv,nv
198,ISIC_0031665.jpg,nv,nv,nv
199,ISIC_0025078.jpg,nv,nv,nv
200,ISIC_0030087.jpg,nv,nv,nv
201,ISIC_0032382.jpg,bkl,nv,nv
202,ISIC_0032744.jpg,nv,nv,nv
203,ISIC_0027031.jpg,nv,nv,nv
204,ISIC_0030459.jpg,bkl,bkl,bkl
205,ISIC_0026632.jpg,nv,nv,nv
206,ISIC_0032441.jpg,mel,nv,nv
207,ISIC_0032639.jpg,nv,nv,nv
208,ISIC_0028159.jpg,nv,nv,nv
209,ISIC_0029906.jpg,nv,nv,nv
210,ISIC_0029775.jpg,nv,nv,nv
211,ISIC_0030029.jpg,nv,nv,nv
212,ISIC_0029925.jpg,nv,nv,nv
213,ISIC_0031322.jpg,nv,nv,nv
214,ISIC_0026400.jpg,nv,nv,nv
215,ISIC_0026192.jpg,bcc,nv,nv
216,ISIC_0024572.jpg,bcc,nv,nv
217,ISIC_0031462.jpg,nv,nv,nv
218,ISIC_0031251.jpg,nv,nv,nv
219,ISIC_0029799.jpg,nv,nv,nv
220,ISIC_0024589.jpg,nv,nv,nv
221,ISIC_0029778.jpg,bkl,nv,nv
222,ISIC_0024671.jpg,nv,nv,nv
223,ISIC_0029874.jpg,nv,nv,nv
224,ISIC_0032011.jpg,nv,nv,nv
225,ISIC_0028389.jpg,bkl,nv,nv
226,ISIC_0024309.jpg,nv,nv,nv
227,ISIC_0032544.jpg,mel,nv,nv
228,ISIC_0028259.jpg,nv,nv,nv
229,ISIC_0030849.jpg,bkl,nv,nv
230,ISIC_0024626.jpg,bkl,bkl,bkl
231,ISIC_0033480.jpg,bkl,nv,nv
232,ISIC_0028153.jpg,nv,nv,nv
233,ISIC_0028881.jpg,bkl,nv,nv
234,ISIC_0028622.jpg,bkl,nv,nv
235,ISIC_0025112.jpg,nv,nv,nv
236,ISIC_0032817.jpg,nv,nv,nv
237,ISIC_0030205.jpg,nv,nv,nv
238,ISIC_0033214.jpg,nv,nv,nv
239,ISIC_0034025.jpg,nv,nv,nv
240,ISIC_0025644.jpg,bcc,nv,nv
241,ISIC_0024734.jpg,nv,nv,nv
242,ISIC_0029350.jpg,nv,nv,nv
243,ISIC_0026216.jpg,nv,nv,nv
244,ISIC_0026453.jpg,bcc,nv,nv
245,ISIC_0027023.jpg,bkl,nv,nv
246,ISIC_0027957.jpg,bkl,nv,nv
247,ISIC_0028969.jpg,mel,nv,nv
248,ISIC_0030601.jpg,nv,nv,nv
249,ISIC_0033536.jpg,akiec,bcc,bcc
250,ISIC_0033122.jpg,mel,nv,nv
251,ISIC_0024658.jpg,nv,nv,nv
252,ISIC_0027464.jpg,nv,nv,nv
253,ISIC_0028981.jpg,nv,nv,nv
254,ISIC_0028722.jpg,nv,nv,nv
255,ISIC_0032007.jpg,nv,nv,nv
256,ISIC_0024618.jpg,nv,nv,nv
257,ISIC_0033984.jpg,nv,nv,nv
258,ISIC_0031587.jpg,nv,nv,nv
259,ISIC_0025489.jpg,mel,nv,nv
260,ISIC_0027177.jpg,nv,nv,nv
261,ISIC_0028872.jpg,akiec,nv,nv
262,ISIC_0025390.jpg,nv,nv,nv
263,ISIC_0032821.jpg,nv,nv,nv
264,ISIC_0030313.jpg,nv,nv,nv
265,ISIC_0033955.jpg,nv,nv,nv
266,ISIC_0025092.jpg,nv,nv,nv
267,ISIC_0031156.jpg,nv,nv,nv
268,ISIC_0033199.jpg,bkl,nv,nv
269,ISIC_0027149.jpg,mel,nv,nv
270,ISIC_0032266.jpg,nv,nv,nv
271,ISIC_0027138.jpg,nv,nv,nv
272,ISIC_0030886.jpg,nv,nv,nv
273,ISIC_0032845.jpg,mel,nv,nv
274,ISIC_0031488.jpg,nv,nv,nv
275,ISIC_0030698.jpg,bkl,nv,nv
276,ISIC_0026861.jpg,bkl,bkl,bkl
277,ISIC_0029455.jpg,bkl,bkl,bkl
278,ISIC_0024374.jpg,nv,nv,nv
279,ISIC_0026375.jpg,nv,nv,nv
280,ISIC_0027006.jpg,bkl,nv,nv
281,ISIC_0032413.jpg,nv,nv,nv
282,ISIC_0025106.jpg,nv,nv,nv
283,ISIC_0032327.jpg,nv,nv,nv
284,ISIC_0032807.jpg,mel,nv,nv
285,ISIC_0026197.jpg,nv,nv,nv
286,ISIC_0024588.jpg,nv,nv,nv
287,ISIC_0033025.jpg,nv,nv,nv
288,ISIC_0029302.jpg,bkl,bkl,bkl
289,ISIC_0029103.jpg,nv,nv,nv
290,ISIC_0032684.jpg,mel,nv,nv
291,ISIC_0032811.jpg,nv,nv,nv
292,ISIC_0028889.jpg,nv,nv,nv
293,ISIC_0030874.jpg,nv,nv,nv
294,ISIC_0034292.jpg,nv,nv,nv
295,ISIC_0024350.jpg,nv,nv,nv
296,ISIC_0029274.jpg,nv,nv,nv
297,ISIC_0030028.jpg,nv,nv,nv
298,ISIC_0031439.jpg,nv,nv,nv
299,ISIC_0026804.jpg,nv,nv,nv
300,ISIC_0024700.jpg,mel,nv,nv
301,ISIC_0033758.jpg,bkl,nv,nv
302,ISIC_0027347.jpg,nv,nv,nv
303,ISIC_0029279.jpg,akiec,bkl,bkl
304,ISIC_0026387.jpg,nv,nv,nv
305,ISIC_0034164.jpg,nv,nv,nv
306,ISIC_0031640.jpg,bcc,nv,nv
307,ISIC_0031418.jpg,nv,nv,nv
308,ISIC_0026648.jpg,nv,nv,nv
309,ISIC_0030798.jpg,mel,nv,nv
310,ISIC_0030219.jpg,nv,nv,nv
311,ISIC_0027151.jpg,bkl,nv,nv
312,ISIC_0033325.jpg,mel,bcc,bcc
313,ISIC_0033109.jpg,nv,nv,nv
314,ISIC_0029703.jpg,nv,nv,nv
315,ISIC_0026471.jpg,df,nv,nv
316,ISIC_0027419.jpg,bkl,nv,nv
317,ISIC_0026288.jpg,nv,nv,nv
318,ISIC_0025686.jpg,nv,nv,nv
319,ISIC_0029980.jpg,nv,nv,nv
320,ISIC_0033602.jpg,nv,nv,nv
321,ISIC_0030186.jpg,nv,nv,nv
322,ISIC_0031192.jpg,nv,bkl,bkl
323,ISIC_0026534.jpg,nv,nv,nv
324,ISIC_0029917.jpg,bcc,nv,nv
325,ISIC_0030769.jpg,nv,nv,nv
326,ISIC_0024528.jpg,nv,nv,nv
327,ISIC_0030244.jpg,df,nv,nv
328,ISIC_0027912.jpg,nv,nv,nv
329,ISIC_0027766.jpg,nv,nv,nv
330,ISIC_0024353.jpg,nv,nv,nv
331,ISIC_0030537.jpg,nv,nv,nv
332,ISIC_0031480.jpg,nv,nv,nv
333,ISIC_0026529.jpg,nv,nv,nv
334,ISIC_0029021.jpg,mel,nv,nv
335,ISIC_0028167.jpg,nv,nv,nv
336,ISIC_0026383.jpg,nv,nv,nv
337,ISIC_0025194.jpg,nv,nv,nv
338,ISIC_0031716.jpg,bkl,bkl,bkl
339,ISIC_0028266.jpg,nv,nv,nv
340,ISIC_0028861.jpg,nv,nv,nv
341,ISIC_0027176.jpg,nv,nv,nv
342,ISIC_0034085.jpg,mel,nv,nv
343,ISIC_0029477.jpg,nv,nv,nv
344,ISIC_0033910.jpg,bkl,nv,nv
345,ISIC_0032925.jpg,mel,nv,nv
346,ISIC_0027095.jpg,nv,nv,nv
347,ISIC_0031820.jpg,nv,nv,nv
348,ISIC_0029573.jpg,akiec,bcc,bcc
349,ISIC_0032975.jpg,mel,nv,nv
350,ISIC_0032930.jpg,nv,nv,nv
351,ISIC_0030379.jpg,nv,nv,nv
352,ISIC_0028156.jpg,mel,nv,nv
353,ISIC_0033594.jpg,mel,nv,nv
354,ISIC_0027186.jpg,nv,nv,nv
355,ISIC_0028110.jpg,nv,nv,nv
356,ISIC_0029165.jpg,nv,nv,nv
357,ISIC_0027378.jpg,nv,nv,nv
358,ISIC_0028283.jpg,bcc,bcc,bcc
359,ISIC_0029774.jpg,nv,nv,nv
360,ISIC_0029806.jpg,nv,nv,nv
361,ISIC_0028097.jpg,nv,nv,nv
362,ISIC_0029173.jpg,nv,nv,nv
363,ISIC_0026918.jpg,nv,nv,nv
364,ISIC_0033264.jpg,bkl,bkl,bkl
365,ISIC_0031402.jpg,nv,nv,nv
366,ISIC_0029005.jpg,nv,nv,nv
367,ISIC_0024981.jpg,bkl,nv,nv
368,ISIC_0032139.jpg,bcc,nv,nv
369,ISIC_0032521.jpg,nv,nv,nv
370,ISIC_0028498.jpg,nv,nv,nv
371,ISIC_0028300.jpg,nv,nv,nv
372,ISIC_0032868.jpg,nv,nv,nv
373,ISIC_0031551.jpg,nv,nv,nv
374,ISIC_0030173.jpg,bkl,nv,nv
375,ISIC_0025308.jpg,nv,nv,nv
376,ISIC_0032154.jpg,akiec,nv,nv
377,ISIC_0033967.jpg,mel,nv,nv
378,ISIC_0028222.jpg,nv,bkl,bkl
379,ISIC_0032171.jpg,nv,nv,nv
380,ISIC_0030022.jpg,nv,nv,nv
381,ISIC_0032408.jpg,mel,nv,nv
382,ISIC_0029674.jpg,bkl,nv,nv
383,ISIC_0030123.jpg,bkl,nv,nv
384,ISIC_0031987.jpg,bkl,nv,nv
385,ISIC_0028420.jpg,nv,nv,nv
386,ISIC_0028330.jpg,nv,nv,nv
387,ISIC_0026798.jpg,bcc,nv,nv
388,ISIC_0034243.jpg,mel,nv,nv
389,ISIC_0025485.jpg,bkl,bkl,bkl
390,ISIC_0028816.jpg,akiec,bcc,bcc
391,ISIC_0033586.jpg,mel,nv,nv
392,ISIC_0033601.jpg,bkl,nv,nv
393,ISIC_0028067.jpg,nv,nv,nv
394,ISIC_0028617.jpg,nv,nv,nv
395,ISIC_0024401.jpg,nv,nv,nv
396,ISIC_0034196.jpg,vasc,bcc,bcc
397,ISIC_0024883.jpg,bkl,nv,nv
398,ISIC_0028678.jpg,nv,nv,nv
399,ISIC_0032758.jpg,nv,nv,nv
400,ISIC_0032332.jpg,nv,nv,nv
401,ISIC_0027142.jpg,bkl,nv,nv
402,ISIC_0026423.jpg,nv,nv,nv
403,ISIC_0028976.jpg,nv,nv,nv
404,ISIC_0024998.jpg,nv,nv,nv
405,ISIC_0034167.jpg,bkl,nv,nv
406,ISIC_0030454.jpg,nv,nv,nv
407,ISIC_0031566.jpg,nv,nv,nv
408,ISIC_0026642.jpg,nv,nv,nv
409,ISIC_0025099.jpg,bkl,nv,nv
410,ISIC_0028006.jpg,nv,nv,nv
411,ISIC_0029454.jpg,mel,bkl,bkl
412,ISIC_0029438.jpg,nv,nv,nv
413,ISIC_0024387.jpg,nv,nv,nv
414,ISIC_0024613.jpg,nv,nv,nv
415,ISIC_0033948.jpg,nv,nv,nv
416,ISIC_0032830.jpg,nv,nv,nv
417,ISIC_0028866.jpg,nv,nv,nv
418,ISIC_0029395.jpg,nv,nv,nv
419,ISIC_0029487.jpg,nv,nv,nv
420,ISIC_0029459.jpg,nv,nv,nv
421,ISIC_0032792.jpg,nv,nv,nv
422,ISIC_0024679.jpg,mel,bkl,bkl
423,ISIC_0032935.jpg,nv,nv,nv
424,ISIC_0031562.jpg,nv,nv,nv
425,ISIC_0033605.jpg,nv,nv,nv
426,ISIC_0025479.jpg,nv,nv,nv
427,ISIC_0033071.jpg,nv,nv,nv
428,ISIC_0031298.jpg,bcc,bcc,bcc
429,ISIC_0026695.jpg,nv,nv,nv
430,ISIC_0024516.jpg,mel,nv,nv
431,ISIC_0026022.jpg,nv,nv,nv
432,ISIC_0026228.jpg,nv,nv,nv
433,ISIC_0024604.jpg,nv,nv,nv
434,ISIC_0031472.jpg,nv,nv,nv
435,ISIC_0029539.jpg,bcc,nv,nv
436,ISIC_0028337.jpg,nv,nv,nv
437,ISIC_0025731.jpg,bcc,bcc,bcc
438,ISIC_0030476.jpg,nv,nv,nv
439,ISIC_0033254.jpg,vasc,vasc,vasc
440,ISIC_0025079.jpg,nv,nv,nv
441,ISIC_0033506.jpg,nv,nv,nv
442,ISIC_0024591.jpg,nv,nv,nv
443,ISIC_0026862.jpg,nv,nv,nv
444,ISIC_0025362.jpg,bcc,bkl,bkl
445,ISIC_0030070.jpg,vasc,nv,nv
446,ISIC_0026051.jpg,nv,nv,nv
447,ISIC_0027197.jpg,nv,nv,nv
448,ISIC_0028637.jpg,nv,nv,nv
449,ISIC_0030179.jpg,nv,nv,nv
450,ISIC_0025813.jpg,nv,nv,nv
451,ISIC_0024330.jpg,df,nv,nv
452,ISIC_0025125.jpg,nv,nv,nv
453,ISIC_0029532.jpg,nv,nv,nv
454,ISIC_0032979.jpg,nv,nv,nv
455,ISIC_0025787.jpg,nv,nv,nv
456,ISIC_0029099.jpg,vasc,nv,nv
457,ISIC_0025692.jpg,nv,nv,nv
458,ISIC_0024436.jpg,bcc,bcc,bcc
459,ISIC_0032044.jpg,mel,nv,nv
460,ISIC_0026183.jpg,nv,nv,nv
461,ISIC_0031932.jpg,nv,nv,nv
462,ISIC_0032237.jpg,nv,nv,nv
463,ISIC_0025004.jpg,nv,nv,nv
464,ISIC_0025333.jpg,nv,nv,nv
465,ISIC_0032840.jpg,mel,nv,nv
466,ISIC_0027173.jpg,nv,nv,nv
467,ISIC_0032650.jpg,nv,nv,nv
468,ISIC_0033927.jpg,nv,nv,nv
469,ISIC_0034050.jpg,mel,nv,nv
470,ISIC_0032881.jpg,nv,nv,nv
471,ISIC_0032933.jpg,nv,nv,nv
472,ISIC_0032675.jpg,bkl,nv,nv
473,ISIC_0030599.jpg,nv,nv,nv
474,ISIC_0026643.jpg,bcc,bcc,bcc
475,ISIC_0028951.jpg,nv,nv,nv
476,ISIC_0025933.jpg,nv,nv,nv
477,ISIC_0028886.jpg,nv,nv,nv
478,ISIC_0029796.jpg,nv,nv,nv
479,ISIC_0029433.jpg,nv,nv,nv
480,ISIC_0031645.jpg,nv,nv,nv
481,ISIC_0026555.jpg,nv,nv,nv
482,ISIC_0034212.jpg,nv,nv,nv
483,ISIC_0025916.jpg,nv,nv,nv
484,ISIC_0029827.jpg,akiec,nv,nv
485,ISIC_0033679.jpg,mel,nv,nv
486,ISIC_0025135.jpg,nv,nv,nv
487,ISIC_0025530.jpg,bcc,bcc,bcc
488,ISIC_0032168.jpg,bkl,nv,nv
489,ISIC_0027680.jpg,bkl,bcc,bcc
490,ISIC_0032686.jpg,nv,nv,nv
491,ISIC_0032336.jpg,nv,nv,nv
492,ISIC_0030213.jpg,nv,nv,nv
493,ISIC_0027552.jpg,mel,nv,nv
494,ISIC_0031265.jpg,nv,nv,nv
495,ISIC_0024651.jpg,nv,nv,nv
496,ISIC_0031711.jpg,mel,nv,nv
497,ISIC_0029052.jpg,df,nv,nv
498,ISIC_0025910.jpg,nv,nv,nv
499,ISIC_0030318.jpg,bkl,nv,nv
500,ISIC_0032545.jpg,vasc,nv,nv
501,ISIC_0026722.jpg,nv,nv,nv
502,ISIC_0029869.jpg,nv,nv,nv
503,ISIC_0025426.jpg,nv,nv,nv
504,ISIC_0030713.jpg,nv,nv,nv
505,ISIC_0031937.jpg,bkl,nv,nv
506,ISIC_0029111.jpg,nv,nv,nv
507,ISIC_0026194.jpg,akiec,nv,nv
508,ISIC_0028105.jpg,nv,nv,nv
509,ISIC_0028336.jpg,bkl,nv,nv
510,ISIC_0033429.jpg,mel,nv,nv
511,ISIC_0026224.jpg,nv,nv,nv
512,ISIC_0034109.jpg,nv,nv,nv
513,ISIC_0028522.jpg,nv,nv,nv
514,ISIC_0033344.jpg,mel,nv,nv
515,ISIC_0034039.jpg,nv,nv,nv
516,ISIC_0025461.jpg,nv,nv,nv
517,ISIC_0030974.jpg,nv,nv,nv
518,ISIC_0026434.jpg,nv,nv,nv
519,ISIC_0028656.jpg,bkl,nv,nv
520,ISIC_0034076.jpg,mel,nv,nv
521,ISIC_0031277.jpg,bkl,nv,nv
522,ISIC_0026906.jpg,nv,nv,nv
523,ISIC_0029071.jpg,nv,nv,nv
524,ISIC_0032024.jpg,bkl,nv,nv
525,ISIC_0030461.jpg,nv,nv,nv
526,ISIC_0027093.jpg,bcc,nv,nv
527,ISIC_0027586.jpg,nv,nv,nv
528,ISIC_0027301.jpg,nv,nv,nv
529,ISIC_0033123.jpg,vasc,vasc,vasc
530,ISIC_0033705.jpg,akiec,nv,nv
531,ISIC_0025284.jpg,nv,nv,nv
532,ISIC_0031817.jpg,nv,nv,nv
533,ISIC_0030529.jpg,nv,nv,nv
534,ISIC_0028635.jpg,nv,nv,nv
535,ISIC_0025404.jpg,nv,nv,nv
536,ISIC_0034065.jpg,mel,nv,nv
537,ISIC_0029681.jpg,nv,nv,nv
538,ISIC_0029131.jpg,nv,nv,nv
539,ISIC_0028697.jpg,nv,nv,nv
540,ISIC_0032964.jpg,nv,nv,nv
541,ISIC_0029685.jpg,nv,nv,nv
542,ISIC_0028900.jpg,mel,nv,nv
543,ISIC_0029786.jpg,nv,nv,nv
544,ISIC_0029897.jpg,bkl,bkl,bkl
545,ISIC_0029345.jpg,bkl,nv,nv
546,ISIC_0033699.jpg,nv,nv,nv
547,ISIC_0032023.jpg,nv,nv,nv
548,ISIC_0031391.jpg,nv,nv,nv
549,ISIC_0025392.jpg,bkl,nv,nv
550,ISIC_0029505.jpg,bkl,nv,nv
551,ISIC_0031242.jpg,nv,nv,nv
552,ISIC_0031555.jpg,nv,nv,nv
553,ISIC_0033293.jpg,nv,nv,nv
554,ISIC_0032370.jpg,nv,nv,nv
555,ISIC_0030711.jpg,nv,nv,nv
556,ISIC_0026864.jpg,nv,nv,nv
557,ISIC_0029420.jpg,bkl,nv,nv
558,ISIC_0033046.jpg,nv,nv,nv
559,ISIC_0032538.jpg,vasc,bcc,bcc
560,ISIC_0033215.jpg,nv,nv,nv
561,ISIC_0029526.jpg,nv,nv,nv
562,ISIC_0032455.jpg,akiec,bkl,bkl
563,ISIC_0025833.jpg,nv,nv,nv
564,ISIC_0026880.jpg,nv,nv,nv
565,ISIC_0033867.jpg,nv,nv,nv
566,ISIC_0030554.jpg,nv,nv,nv
567,ISIC_0026182.jpg,nv,nv,nv
568,ISIC_0032472.jpg,nv,nv,nv
569,ISIC_0032602.jpg,mel,nv,nv
570,ISIC_0025537.jpg,nv,nv,nv
571,ISIC_0032822.jpg,nv,nv,nv
572,ISIC_0030037.jpg,nv,nv,nv
573,ISIC_0024438.jpg,nv,nv,nv
574,ISIC_0028763.jpg,akiec,nv,nv
575,ISIC_0031996.jpg,vasc,vasc,vasc
576,ISIC_0028007.jpg,nv,nv,nv
577,ISIC_0029146.jpg,mel,bkl,bkl
578,ISIC_0031941.jpg,mel,nv,nv
579,ISIC_0026638.jpg,nv,nv,nv
580,ISIC_0029533.jpg,akiec,nv,nv
581,ISIC_0028232.jpg,akiec,nv,nv
582,ISIC_0024331.jpg,bcc,bcc,bcc
583,ISIC_0029437.jpg,nv,nv,nv
584,ISIC_0027590.jpg,mel,bkl,bkl
585,ISIC_0026014.jpg,akiec,bkl,bkl
586,ISIC_0027830.jpg,nv,nv,nv
587,ISIC_0029710.jpg,nv,nv,nv
588,ISIC_0024590.jpg,bcc,bcc,bcc
589,ISIC_0025848.jpg,nv,nv,nv
590,ISIC_0028411.jpg,bkl,nv,nv
591,ISIC_0028610.jpg,nv,nv,nv
592,ISIC_0030722.jpg,vasc,nv,nv
593,ISIC_0030183.jpg,mel,nv,nv
594,ISIC_0024922.jpg,nv,nv,nv
595,ISIC_0030923.jpg,nv,nv,nv
596,ISIC_0027755.jpg,nv,nv,nv
597,ISIC_0027297.jpg,bcc,nv,nv
598,ISIC_0033456.jpg,akiec,bkl,bkl
599,ISIC_0027991.jpg,bkl,bkl,bkl
600,ISIC_0031203.jpg,mel,bkl,bkl
601,ISIC_0030433.jpg,nv,nv,nv
602,ISIC_0032170.jpg,bkl,nv,nv
603,ISIC_0026339.jpg,nv,nv,nv
604,ISIC_0032501.jpg,nv,nv,nv
605,ISIC_0033171.jpg,mel,nv,nv
606,ISIC_0034220.jpg,nv,nv,nv
607,ISIC_0033723.jpg,nv,nv,nv
608,ISIC_0031863.jpg,nv,nv,nv
609,ISIC_0024644.jpg,mel,bkl,bkl
610,ISIC_0024961.jpg,mel,nv,nv
611,ISIC_0027691.jpg,nv,nv,nv
612,ISIC_0025780.jpg,akiec,bkl,bkl
613,ISIC_0027052.jpg,nv,nv,nv
614,ISIC_0024333.jpg,mel,nv,nv
615,ISIC_0029647.jpg,bcc,bkl,bkl
616,ISIC_0027828.jpg,bkl,nv,nv
617,ISIC_0024424.jpg,nv,bkl,bkl
618,ISIC_0028138.jpg,nv,nv,nv
619,ISIC_0030638.jpg,nv,nv,nv
620,ISIC_0026888.jpg,nv,nv,nv
621,ISIC_0033540.jpg,nv,nv,nv
622,ISIC_0027988.jpg,nv,nv,nv
623,ISIC_0027184.jpg,akiec,nv,nv
624,ISIC_0026447.jpg,nv,nv,nv
625,ISIC_0034049.jpg,mel,nv,nv
626,ISIC_0032818.jpg,nv,nv,nv
627,ISIC_0033794.jpg,nv,nv,nv
628,ISIC_0028141.jpg,nv,nv,nv
629,ISIC_0025877.jpg,nv,nv,nv
630,ISIC_0028648.jpg,nv,nv,nv
631,ISIC_0026645.jpg,akiec,bkl,bkl
632,ISIC_0034289.jpg,mel,nv,nv
633,ISIC_0032659.jpg,nv,nv,nv
634,ISIC_0028899.jpg,mel,bkl,bkl
635,ISIC_0024978.jpg,nv,nv,nv
636,ISIC_0028204.jpg,nv,nv,nv
637,ISIC_0024732.jpg,mel,nv,nv
638,ISIC_0029159.jpg,nv,nv,nv
639,ISIC_0033063.jpg,mel,nv,nv
640,ISIC_0025710.jpg,bkl,nv,nv
641,ISIC_0025950.jpg,nv,nv,nv
642,ISIC_0025175.jpg,nv,nv,nv
643,ISIC_0030906.jpg,nv,nv,nv
644,ISIC_0033971.jpg,nv,nv,nv
645,ISIC_0030225.jpg,nv,nv,nv
646,ISIC_0033448.jpg,nv,nv,nv
647,ISIC_0027313.jpg,nv,nv,nv
648,ISIC_0028063.jpg,akiec,nv,nv
649,ISIC_0028594.jpg,nv,nv,nv
650,ISIC_0029889.jpg,vasc,nv,nv
651,ISIC_0027750.jpg,nv,nv,nv
652,ISIC_0032647.jpg,nv,nv,nv
653,ISIC_0029654.jpg,nv,nv,nv
654,ISIC_0028822.jpg,bkl,bkl,bkl
655,ISIC_0031256.jpg,nv,nv,nv
656,ISIC_0027265.jpg,nv,nv,nv
657,ISIC_0033216.jpg,mel,nv,nv
658,ISIC_0034073.jpg,nv,nv,nv
659,ISIC_0027446.jpg,nv,nv,nv
660,ISIC_0030281.jpg,mel,nv,nv
661,ISIC_0028230.jpg,nv,nv,nv
662,ISIC_0025252.jpg,nv,nv,nv
663,ISIC_0030802.jpg,nv,nv,nv
664,ISIC_0027169.jpg,nv,nv,nv
665,ISIC_0025347.jpg,nv,nv,nv
666,ISIC_0029822.jpg,nv,nv,nv
667,ISIC_0025300.jpg,nv,nv,nv
668,ISIC_0028474.jpg,nv,nv,nv
669,ISIC_0030197.jpg,bcc,bkl,bkl
670,ISIC_0032981.jpg,mel,nv,nv
671,ISIC_0026939.jpg,nv,nv,nv
672,ISIC_0029991.jpg,bkl,bcc,bcc
673,ISIC_0028690.jpg,nv,nv,nv
674,ISIC_0026101.jpg,nv,nv,nv
675,ISIC_0028366.jpg,nv,nv,nv
676,ISIC_0031977.jpg,mel,nv,nv
677,ISIC_0027992.jpg,nv,nv,nv
678,ISIC_0026999.jpg,nv,nv,nv
679,ISIC_0032528.jpg,nv,nv,nv
680,ISIC_0031127.jpg,nv,nv,nv
681,ISIC_0031720.jpg,nv,nv,nv
682,ISIC_0029614.jpg,nv,nv,nv
683,ISIC_0032261.jpg,nv,nv,nv
684,ISIC_0027030.jpg,mel,bkl,bkl
685,ISIC_0029632.jpg,mel,nv,nv
686,ISIC_0029001.jpg,nv,nv,nv
687,ISIC_0024611.jpg,nv,nv,nv
688,ISIC_0033922.jpg,nv,nv,nv
689,ISIC_0031681.jpg,nv,nv,nv
690,ISIC_0029012.jpg,bkl,nv,nv
691,ISIC_0027710.jpg,bkl,nv,nv
692,ISIC_0032037.jpg,nv,nv,nv
693,ISIC_0033575.jpg,bcc,bcc,bcc
694,ISIC_0030573.jpg,nv,nv,nv
695,ISIC_0029986.jpg,nv,nv,nv
696,ISIC_0034080.jpg,nv,nv,nv
697,ISIC_0027009.jpg,nv,nv,nv
698,ISIC_0028576.jpg,nv,nv,nv
699,ISIC_0033907.jpg,nv,nv,nv
700,ISIC_0025770.jpg,nv,nv,nv
701,ISIC_0025843.jpg,nv,nv,nv
702,ISIC_0031301.jpg,nv,nv,nv
703,ISIC_0033433.jpg,nv,nv,nv
704,ISIC_0028778.jpg,nv,nv,nv
705,ISIC_0025132.jpg,mel,nv,nv
706,ISIC_0027859.jpg,bkl,nv,nv
707,ISIC_0032412.jpg,nv,nv,nv
708,ISIC_0030260.jpg,nv,nv,nv
709,ISIC_0032416.jpg,nv,nv,nv
710,ISIC_0026441.jpg,bkl,nv,nv
711,ISIC_0033556.jpg,nv,nv,nv
712,ISIC_0028626.jpg,nv,nv,nv
713,ISIC_0031263.jpg,bcc,bkl,bkl
714,ISIC_0024823.jpg,mel,nv,nv
715,ISIC_0028856.jpg,bkl,nv,nv
716,ISIC_0025838.jpg,bkl,bkl,bkl
717,ISIC_0030803.jpg,akiec,bkl,bkl
718,ISIC_0032354.jpg,nv,nv,nv
719,ISIC_0030276.jpg,bkl,bkl,bkl
720,ISIC_0024656.jpg,nv,nv,nv
721,ISIC_0027522.jpg,vasc,nv,nv
722,ISIC_0029167.jpg,nv,nv,nv
723,ISIC_0033573.jpg,mel,nv,nv
724,ISIC_0025894.jpg,nv,nv,nv
725,ISIC_0028429.jpg,nv,nv,nv
726,ISIC_0029616.jpg,nv,nv,nv
727,ISIC_0033914.jpg,nv,nv,nv
728,ISIC_0024552.jpg,mel,nv,nv
729,ISIC_0027229.jpg,bcc,nv,nv
730,ISIC_0030057.jpg,nv,nv,nv
731,ISIC_0026968.jpg,bcc,nv,nv
732,ISIC_0028229.jpg,bkl,bkl,bkl
733,ISIC_0026445.jpg,nv,nv,nv
734,ISIC_0029543.jpg,nv,nv,nv
735,ISIC_0028239.jpg,nv,nv,nv
736,ISIC_0028294.jpg,bkl,nv,nv
737,ISIC_0032696.jpg,bcc,bcc,bcc
738,ISIC_0029958.jpg,mel,bkl,bkl
739,ISIC_0031915.jpg,mel,nv,nv
740,ISIC_0032854.jpg,akiec,bkl,bkl
741,ISIC_0025128.jpg,mel,nv,nv
742,ISIC_0024884.jpg,nv,nv,nv
743,ISIC_0025858.jpg,nv,nv,nv
744,ISIC_0026281.jpg,mel,nv,nv
745,ISIC_0029901.jpg,nv,nv,nv
746,ISIC_0029788.jpg,nv,nv,nv
747,ISIC_0024592.jpg,bkl,bkl,bkl
748,ISIC_0027263.jpg,mel,nv,nv
749,ISIC_0030388.jpg,nv,nv,nv
750,ISIC_0033558.jpg,nv,nv,nv
751,ISIC_0032220.jpg,mel,nv,nv
752,ISIC_0024370.jpg,vasc,vasc,vasc
753,ISIC_0024323.jpg,mel,nv,nv
754,ISIC_0030088.jpg,bkl,nv,nv
755,ISIC_0025815.jpg,nv,nv,nv
756,ISIC_0026023.jpg,nv,nv,nv
757,ISIC_0031165.jpg,nv,nv,nv
758,ISIC_0026552.jpg,nv,nv,nv
759,ISIC_0028748.jpg,nv,nv,nv
760,ISIC_0026308.jpg,nv,nv,nv
761,ISIC_0026784.jpg,nv,nv,nv
762,ISIC_0024593.jpg,nv,nv,nv
763,ISIC_0026844.jpg,bkl,nv,nv
764,ISIC_0026094.jpg,mel,nv,nv
765,ISIC_0033135.jpg,vasc,vasc,vasc
766,ISIC_0029296.jpg,nv,nv,nv
767,ISIC_0024450.jpg,akiec,bcc,bcc
768,ISIC_0029260.jpg,bkl,bkl,bkl
769,ISIC_0029348.jpg,nv,nv,nv
770,ISIC_0032560.jpg,nv,nv,nv
771,ISIC_0025210.jpg,nv,nv,nv
772,ISIC_0028512.jpg,mel,nv,nv
773,ISIC_0026131.jpg,mel,nv,nv
774,ISIC_0031200.jpg,bkl,nv,nv
775,ISIC_0028272.jpg,nv,nv,nv
776,ISIC_0028307.jpg,nv,nv,nv
777,ISIC_0032664.jpg,nv,nv,nv
778,ISIC_0027850.jpg,bkl,bkl,bkl
779,ISIC_0030325.jpg,nv,nv,nv
780,ISIC_0028884.jpg,nv,nv,nv
781,ISIC_0033005.jpg,df,nv,nv
782,ISIC_0030508.jpg,nv,nv,nv
783,ISIC_0034267.jpg,nv,nv,nv
784,ISIC_0025109.jpg,nv,nv,nv
785,ISIC_0028551.jpg,nv,nv,nv
786,ISIC_0031611.jpg,nv,nv,nv
787,ISIC_0024345.jpg,bcc,nv,nv
788,ISIC_0031722.jpg,nv,nv,nv
789,ISIC_0028732.jpg,nv,nv,nv
790,ISIC_0030977.jpg,nv,nv,nv
791,ISIC_0034250.jpg,nv,nv,nv
792,ISIC_0031887.jpg,nv,nv,nv
793,ISIC_0029992.jpg,nv,nv,nv
794,ISIC_0025342.jpg,nv,nv,nv
795,ISIC_0030316.jpg,bkl,nv,nv
796,ISIC_0024361.jpg,nv,nv,nv
797,ISIC_0028902.jpg,nv,nv,nv
798,ISIC_0032149.jpg,mel,bkl,bkl
799,ISIC_0027247.jpg,nv,nv,nv
800,ISIC_0032475.jpg,nv,nv,nv
801,ISIC_0033153.jpg,nv,nv,nv
802,ISIC_0025868.jpg,nv,nv,nv
803,ISIC_0032625.jpg,nv,nv,nv
804,ISIC_0025393.jpg,nv,nv,nv
805,ISIC_0026017.jpg,nv,nv,nv
806,ISIC_0025668.jpg,df,nv,nv
807,ISIC_0031479.jpg,mel,,mel
808,ISIC_0029311.jpg,bkl,nv,nv
809,ISIC_0028749.jpg,bkl,nv,nv
810,ISIC_0032068.jpg,nv,nv,nv
811,ISIC_0032245.jpg,mel,nv,nv
812,ISIC_0034028.jpg,mel,nv,nv
813,ISIC_0029850.jpg,nv,nv,nv
814,ISIC_0027644.jpg,nv,nv,nv
815,ISIC_0030775.jpg,nv,nv,nv
816,ISIC_0030615.jpg,nv,nv,nv
817,ISIC_0027008.jpg,df,nv,nv
818,ISIC_0026250.jpg,nv,nv,nv
819,ISIC_0031616.jpg,nv,nv,nv
820,ISIC_0028365.jpg,nv,nv,nv
821,ISIC_0030369.jpg,bkl,nv,nv
822,ISIC_0033370.jpg,nv,nv,nv
823,ISIC_0033764.jpg,nv,nv,nv
824,ISIC_0033048.jpg,nv,nv,nv
825,ISIC_0031907.jpg,nv,nv,nv
826,ISIC_0026346.jpg,nv,nv,nv
827,ISIC_0032477.jpg,nv,nv,nv
828,ISIC_0024390.jpg,nv,nv,nv
829,ISIC_0032681.jpg,bkl,nv,nv
830,ISIC_0025967.jpg,nv,nv,nv
831,ISIC_0031164.jpg,nv,nv,nv
832,ISIC_0026772.jpg,nv,nv,nv
833,ISIC_0034247.jpg,nv,nv,nv
834,ISIC_0029675.jpg,nv,nv,nv
835,ISIC_0030044.jpg,nv,nv,nv
836,ISIC_0032536.jpg,bcc,bcc,bcc
837,ISIC_0025259.jpg,nv,nv,nv
838,ISIC_0028165.jpg,bkl,nv,nv
839,ISIC_0033447.jpg,nv,nv,nv
840,ISIC_0026451.jpg,nv,nv,nv
841,ISIC_0030765.jpg,nv,nv,nv
842,ISIC_0027934.jpg,nv,nv,nv
843,ISIC_0028188.jpg,vasc,nv,nv
844,ISIC_0031313.jpg,nv,nv,nv
845,ISIC_0024473.jpg,nv,nv,nv
846,ISIC_0026783.jpg,bkl,nv,nv
847,ISIC_0027605.jpg,nv,nv,nv
848,ISIC_0026156.jpg,bcc,bcc,bcc
849,ISIC_0024864.jpg,mel,nv,nv
850,ISIC_0029606.jpg,mel,nv,nv
851,ISIC_0029499.jpg,nv,nv,nv
852,ISIC_0033188.jpg,nv,nv,nv
853,ISIC_0024783.jpg,nv,nv,nv
854,ISIC_0025306.jpg,nv,nv,nv
855,ISIC_0030362.jpg,nv,nv,nv
856,ISIC_0032283.jpg,bkl,nv,nv
857,ISIC_0030021.jpg,df,nv,nv
858,ISIC_0025538.jpg,nv,nv,nv
859,ISIC_0026578.jpg,nv,nv,nv
860,ISIC_0031759.jpg,vasc,nv,nv
861,ISIC_0027427.jpg,nv,nv,nv
862,ISIC_0025277.jpg,mel,nv,nv
863,ISIC_0029394.jpg,bkl,nv,nv
864,ISIC_0027907.jpg,nv,nv,nv
865,ISIC_0027459.jpg,nv,nv,nv
866,ISIC_0031839.jpg,nv,nv,nv
867,ISIC_0031058.jpg,nv,nv,nv
868,ISIC_0028003.jpg,mel,nv,nv
869,ISIC_0032756.jpg,bkl,nv,nv
870,ISIC_0025542.jpg,nv,nv,nv
871,ISIC_0032118.jpg,nv,nv,nv
872,ISIC_0027595.jpg,bcc,nv,nv
873,ISIC_0033983.jpg,nv,nv,nv
874,ISIC_0027349.jpg,nv,nv,nv
875,ISIC_0031174.jpg,nv,nv,nv
876,ISIC_0029160.jpg,nv,nv,nv
877,ISIC_0028328.jpg,nv,nv,nv
878,ISIC_0032630.jpg,mel,nv,nv
879,ISIC_0028611.jpg,bkl,nv,nv
880,ISIC_0031792.jpg,nv,nv,nv
881,ISIC_0034155.jpg,bcc,nv,nv
882,ISIC_0029812.jpg,nv,nv,nv
883,ISIC_0031754.jpg,nv,nv,nv
884,ISIC_0026331.jpg,nv,nv,nv
885,ISIC_0025437.jpg,nv,nv,nv
886,ISIC_0028379.jpg,nv,nv,nv
887,ISIC_0028532.jpg,nv,nv,nv
888,ISIC_0030240.jpg,bkl,bkl,bkl
889,ISIC_0034138.jpg,nv,nv,nv
890,ISIC_0025199.jpg,bkl,nv,nv
891,ISIC_0029089.jpg,mel,bkl,bkl
892,ISIC_0029728.jpg,nv,nv,nv
893,ISIC_0033468.jpg,bcc,nv,nv
894,ISIC_0024603.jpg,nv,nv,nv
895,ISIC_0030555.jpg,df,nv,nv
896,ISIC_0027807.jpg,nv,nv,nv
897,ISIC_0028618.jpg,nv,nv,nv
898,ISIC_0025945.jpg,nv,nv,nv
899,ISIC_0026181.jpg,nv,nv,nv
900,ISIC_0032950.jpg,nv,nv,nv
901,ISIC_0031573.jpg,nv,nv,nv
902,ISIC_0033245.jpg,mel,nv,nv
903,ISIC_0025948.jpg,akiec,bcc,bcc
904,ISIC_0025786.jpg,nv,nv,nv
905,ISIC_0026064.jpg,nv,nv,nv
906,ISIC_0027539.jpg,nv,nv,nv
907,ISIC_0031035.jpg,nv,nv,nv
908,ISIC_0033011.jpg,nv,nv,nv
909,ISIC_0032876.jpg,bkl,nv,nv
910,ISIC_0028766.jpg,nv,nv,nv
911,ISIC_0029351.jpg,nv,nv,nv
912,ISIC_0028756.jpg,nv,nv,nv
913,ISIC_0025969.jpg,nv,nv,nv
914,ISIC_0025260.jpg,bcc,nv,nv
915,ISIC_0028013.jpg,nv,nv,nv
916,ISIC_0027001.jpg,nv,nv,nv
917,ISIC_0029112.jpg,nv,nv,nv
918,ISIC_0028600.jpg,nv,nv,nv
919,ISIC_0032341.jpg,nv,nv,nv
920,ISIC_0033107.jpg,nv,nv,nv
921,ISIC_0031624.jpg,bkl,nv,nv
922,ISIC_0030659.jpg,bcc,nv,nv
923,ISIC_0029787.jpg,nv,nv,nv
924,ISIC_0029540.jpg,nv,nv,nv
925,ISIC_0034275.jpg,mel,nv,nv
926,ISIC_0031292.jpg,akiec,bkl,bkl
927,ISIC_0028864.jpg,nv,nv,nv
928,ISIC_0032307.jpg,bcc,nv,nv
929,ISIC_0028011.jpg,nv,nv,nv
930,ISIC_0024834.jpg,nv,nv,nv
931,ISIC_0031020.jpg,nv,nv,nv
932,ISIC_0024505.jpg,bkl,nv,nv
933,ISIC_0026843.jpg,bkl,nv,nv
934,ISIC_0030317.jpg,nv,nv,nv
935,ISIC_0031613.jpg,nv,nv,nv
936,ISIC_0033318.jpg,nv,nv,nv
937,ISIC_0025529.jpg,bkl,bkl,bkl
938,ISIC_0025473.jpg,nv,nv,nv
939,ISIC_0031412.jpg,nv,nv,nv
940,ISIC_0034177.jpg,nv,nv,nv
941,ISIC_0029434.jpg,mel,nv,nv
942,ISIC_0026606.jpg,bkl,nv,nv
943,ISIC_0030025.jpg,nv,nv,nv
944,ISIC_0034096.jpg,nv,nv,nv
945,ISIC_0030704.jpg,nv,nv,nv
946,ISIC_0028051.jpg,mel,nv,nv
947,ISIC_0027534.jpg,nv,nv,nv
948,ISIC_0025271.jpg,nv,nv,nv
949,ISIC_0028943.jpg,bkl,bkl,bkl
950,ISIC_0026378.jpg,bkl,bkl,bkl
951,ISIC_0028091.jpg,nv,nv,nv
952,ISIC_0024334.jpg,nv,nv,nv
953,ISIC_0024846.jpg,nv,nv,nv
954,ISIC_0025765.jpg,nv,nv,nv
955,ISIC_0031012.jpg,akiec,nv,nv
956,ISIC_0029305.jpg,nv,nv,nv
957,ISIC_0031490.jpg,nv,nv,nv
958,ISIC_0026622.jpg,mel,nv,nv
959,ISIC_0030071.jpg,nv,nv,nv
960,ISIC_0032344.jpg,nv,nv,nv
961,ISIC_0025254.jpg,nv,nv,nv
962,ISIC_0027517.jpg,mel,nv,nv
963,ISIC_0029329.jpg,bkl,nv,nv
964,ISIC_0031221.jpg,nv,nv,nv
965,ISIC_0028904.jpg,nv,nv,nv
966,ISIC_0033211.jpg,nv,nv,nv
967,ISIC_0025609.jpg,nv,nv,nv
968,ISIC_0029832.jpg,nv,nv,nv
969,ISIC_0027374.jpg,bkl,bcc,bcc
970,ISIC_0024663.jpg,nv,nv,nv
971,ISIC_0027899.jpg,nv,nv,nv
972,ISIC_0028796.jpg,nv,nv,nv
973,ISIC_0029626.jpg,nv,nv,nv
974,ISIC_0029598.jpg,akiec,bcc,bcc
975,ISIC_0024549.jpg,nv,nv,nv
976,ISIC_0025661.jpg,bkl,bcc,bcc
977,ISIC_0033776.jpg,bkl,nv,nv
978,ISIC_0033415.jpg,mel,nv,nv
979,ISIC_0033886.jpg,mel,nv,nv
980,ISIC_0030640.jpg,nv,nv,nv
981,ISIC_0030095.jpg,bkl,bkl,bkl
982,ISIC_0029948.jpg,nv,nv,nv
983,ISIC_0024810.jpg,nv,nv,nv
984,ISIC_0030237.jpg,nv,nv,nv
985,ISIC_0029064.jpg,nv,nv,nv
986,ISIC_0027693.jpg,mel,nv,nv
987,ISIC_0028042.jpg,nv,nv,nv
988,ISIC_0029234.jpg,nv,nv,nv
989,ISIC_0025311.jpg,nv,nv,nv
990,ISIC_0030310.jpg,bkl,bkl,bkl
991,ISIC_0033791.jpg,bkl,nv,nv
992,ISIC_0029219.jpg,nv,nv,nv
993,ISIC_0029482.jpg,nv,nv,nv
994,ISIC_0028312.jpg,nv,nv,nv
995,ISIC_0027509.jpg,bkl,bkl,bkl
996,ISIC_0031362.jpg,bkl,nv,nv
997,ISIC_0031783.jpg,bkl,bkl,bkl
998,ISIC_0028273.jpg,nv,nv,nv
999,ISIC_0026278.jpg,nv,nv,nv
1000,ISIC_0030473.jpg,nv,nv,nv
1001,ISIC_0028957.jpg,nv,nv,nv
1002,ISIC_0033165.jpg,nv,nv,nv
1003,ISIC_0027228.jpg,nv,nv,nv
1004,ISIC_0032520.jpg,nv,nv,nv
1005,ISIC_0028285.jpg,mel,nv,nv
1006,ISIC_0024912.jpg,nv,nv,nv
1007,ISIC_0025634.jpg,nv,nv,nv
1008,ISIC_0033790.jpg,df,nv,nv
1009,ISIC_0026915.jpg,nv,nv,nv
1010,ISIC_0026860.jpg,nv,nv,nv
1011,ISIC_0026519.jpg,nv,nv,nv
1012,ISIC_0033681.jpg,nv,nv,nv
1013,ISIC_0028807.jpg,bcc,nv,nv
1014,ISIC_0031580.jpg,bkl,nv,nv
1015,ISIC_0028853.jpg,nv,nv,nv
1016,ISIC_0029821.jpg,nv,nv,nv
1017,ISIC_0026992.jpg,akiec,bcc,bcc
1018,ISIC_0029295.jpg,nv,nv,nv
1019,ISIC_0031775.jpg,nv,nv,nv
1020,ISIC_0030729.jpg,nv,nv,nv
1021,ISIC_0026961.jpg,bkl,nv,nv
1022,ISIC_0025027.jpg,nv,nv,nv
1023,ISIC_0027204.jpg,mel,bkl,bkl
1024,ISIC_0025231.jpg,nv,nv,nv
1025,ISIC_0030889.jpg,nv,nv,nv
1026,ISIC_0029316.jpg,mel,nv,nv
1027,ISIC_0033969.jpg,vasc,nv,nv
1028,ISIC_0026530.jpg,bkl,nv,nv
1029,ISIC_0029843.jpg,mel,nv,nv
1030,ISIC_0025992.jpg,akiec,bkl,bkl
1031,ISIC_0031003.jpg,nv,nv,nv
1032,ISIC_0027390.jpg,nv,nv,nv
1033,ISIC_0026909.jpg,mel,nv,nv
1034,ISIC_0025246.jpg,nv,nv,nv
1035,ISIC_0031829.jpg,nv,nv,nv
1036,ISIC_0032815.jpg,nv,nv,nv
1037,ISIC_0030824.jpg,mel,nv,nv
1038,ISIC_0029426.jpg,nv,nv,nv
1039,ISIC_0024560.jpg,nv,nv,nv
1040,ISIC_0033628.jpg,nv,nv,nv
1041,ISIC_0025375.jpg,nv,nv,nv
1042,ISIC_0026368.jpg,nv,nv,nv
1043,ISIC_0026141.jpg,nv,nv,nv
1044,ISIC_0031283.jpg,nv,nv,nv
1045,ISIC_0025580.jpg,nv,nv,nv
1046,ISIC_0024502.jpg,nv,nv,nv
1047,ISIC_0028660.jpg,nv,nv,nv
1048,ISIC_0029162.jpg,nv,nv,nv
1049,ISIC_0034015.jpg,bcc,nv,nv
1050,ISIC_0026615.jpg,nv,nv,nv
1051,ISIC_0024974.jpg,nv,nv,nv
1052,ISIC_0025307.jpg,nv,nv,nv
1053,ISIC_0025049.jpg,nv,nv,nv
1054,ISIC_0029644.jpg,bcc,nv,nv
1055,ISIC_0031347.jpg,nv,nv,nv
1056,ISIC_0034305.jpg,nv,nv,nv
1057,ISIC_0032658.jpg,nv,nv,nv
1058,ISIC_0030108.jpg,nv,nv,nv
1059,ISIC_0027201.jpg,nv,nv,nv
1060,ISIC_0030747.jpg,mel,nv,nv
1061,ISIC_0028726.jpg,nv,nv,nv
1062,ISIC_0030715.jpg,nv,nv,nv
1063,ISIC_0034087.jpg,mel,nv,nv
1064,ISIC_0024380.jpg,nv,nv,nv
1065,ISIC_0027277.jpg,mel,nv,nv
1066,ISIC_0033661.jpg,nv,nv,nv
1067,ISIC_0030460.jpg,nv,nv,nv
1068,ISIC_0026079.jpg,nv,nv,nv
1069,ISIC_0029067.jpg,akiec,nv,nv
1070,ISIC_0028247.jpg,nv,nv,nv
1071,ISIC_0026517.jpg,nv,nv,nv
1072,ISIC_0027290.jpg,nv,nv,nv
1073,ISIC_0030486.jpg,mel,nv,nv
1074,ISIC_0028913.jpg,bkl,bkl,bkl
1075,ISIC_0024649.jpg,nv,nv,nv
1076,ISIC_0026592.jpg,nv,nv,nv
1077,ISIC_0029501.jpg,bcc,bcc,bcc
1078,ISIC_0024499.jpg,nv,nv,nv
1079,ISIC_0028978.jpg,bcc,nv,nv
1080,ISIC_0024768.jpg,nv,nv,nv
1081,ISIC_0027178.jpg,akiec,bkl,bkl
1082,ISIC_0030694.jpg,nv,nv,nv
1083,ISIC_0031410.jpg,mel,nv,nv
1084,ISIC_0033888.jpg,nv,nv,nv
1085,ISIC_0026405.jpg,nv,nv,nv
1086,ISIC_0033481.jpg,nv,nv,nv
1087,ISIC_0026253.jpg,nv,nv,nv
1088,ISIC_0027938.jpg,nv,nv,nv
1089,ISIC_0033901.jpg,mel,nv,nv
1090,ISIC_0026016.jpg,bkl,nv,nv
1091,ISIC_0027076.jpg,mel,nv,nv
1092,ISIC_0029286.jpg,nv,nv,nv
1093,ISIC_0024515.jpg,bcc,nv,nv
1094,ISIC_0033014.jpg,nv,nv,nv
1095,ISIC_0034229.jpg,nv,nv,nv
1096,ISIC_0027063.jpg,mel,nv,nv
1097,ISIC_0030584.jpg,nv,nv,nv
1098,ISIC_0029510.jpg,nv,nv,nv
1099,ISIC_0029507.jpg,nv,nv,nv
1100,ISIC_0033494.jpg,akiec,bkl,bkl
1101,ISIC_0029109.jpg,nv,nv,nv
1102,ISIC_0026628.jpg,nv,nv,nv
1103,ISIC_0027920.jpg,bcc,nv,nv
1104,ISIC_0034302.jpg,nv,nv,nv
1105,ISIC_0032013.jpg,bkl,nv,nv
1106,ISIC_0028925.jpg,bkl,nv,nv
1107,ISIC_0034072.jpg,nv,nv,nv
1108,ISIC_0032785.jpg,nv,nv,nv
1109,ISIC_0029902.jpg,nv,nv,nv
1110,ISIC_0026323.jpg,nv,nv,nv
1111,ISIC_0028455.jpg,nv,nv,nv
1112,ISIC_0027537.jpg,nv,nv,nv
1113,ISIC_0026505.jpg,nv,nv,nv
1114,ISIC_0032070.jpg,mel,nv,nv
1115,ISIC_0024623.jpg,bkl,bkl,bkl
1116,ISIC_0027843.jpg,nv,nv,nv
1117,ISIC_0033549.jpg,nv,nv,nv
1118,ISIC_0033231.jpg,nv,nv,nv
1119,ISIC_0029221.jpg,nv,nv,nv
1120,ISIC_0028178.jpg,nv,nv,nv
1121,ISIC_0032430.jpg,mel,nv,nv
1122,ISIC_0032743.jpg,nv,nv,nv
1123,ISIC_0029078.jpg,nv,nv,nv
1124,ISIC_0028779.jpg,nv,nv,nv
1125,ISIC_0033354.jpg,bcc,nv,nv
1126,ISIC_0030721.jpg,bkl,bcc,bcc
1127,ISIC_0033155.jpg,nv,nv,nv
1128,ISIC_0033670.jpg,mel,nv,nv
1129,ISIC_0024595.jpg,bcc,bkl,bkl
1130,ISIC_0026701.jpg,nv,nv,nv
1131,ISIC_0031597.jpg,bcc,nv,nv
1132,ISIC_0032518.jpg,nv,nv,nv
1133,ISIC_0030909.jpg,nv,nv,nv
1134,ISIC_0031586.jpg,mel,nv,nv
1135,ISIC_0031899.jpg,nv,nv,nv
1136,ISIC_0029339.jpg,nv,nv,nv
1137,ISIC_0028581.jpg,nv,nv,nv
1138,ISIC_0033377.jpg,mel,nv,nv
1139,ISIC_0025589.jpg,mel,nv,nv
1140,ISIC_0033881.jpg,mel,nv,nv
1141,ISIC_0029355.jpg,nv,nv,nv
1142,ISIC_0027370.jpg,bkl,nv,nv
1143,ISIC_0033465.jpg,bkl,nv,nv
1144,ISIC_0030962.jpg,nv,nv,nv
1145,ISIC_0031465.jpg,bkl,nv,nv
1146,ISIC_0033392.jpg,mel,nv,nv
1147,ISIC_0032867.jpg,vasc,nv,nv
1148,ISIC_0026112.jpg,nv,nv,nv
1149,ISIC_0027802.jpg,akiec,nv,nv
1150,ISIC_0034217.jpg,nv,nv,nv
1151,ISIC_0032460.jpg,bkl,nv,nv
1152,ISIC_0026365.jpg,bkl,nv,nv
1153,ISIC_0034257.jpg,nv,nv,nv
1154,ISIC_0029766.jpg,nv,nv,nv
1155,ISIC_0030003.jpg,nv,nv,nv
1156,ISIC_0025207.jpg,nv,nv,nv
1157,ISIC_0031021.jpg,nv,nv,nv
1158,ISIC_0032498.jpg,bkl,nv,nv
1159,ISIC_0025920.jpg,nv,nv,nv
1160,ISIC_0026781.jpg,nv,nv,nv
1161,ISIC_0030185.jpg,nv,nv,nv
1162,ISIC_0030536.jpg,nv,nv,nv
1163,ISIC_0025984.jpg,bkl,nv,nv
1164,ISIC_0026111.jpg,nv,nv,nv
1165,ISIC_0027460.jpg,nv,nv,nv
1166,ISIC_0025391.jpg,mel,nv,nv
1167,ISIC_0028805.jpg,nv,nv,nv
1168,ISIC_0029781.jpg,akiec,nv,nv
1169,ISIC_0031191.jpg,akiec,nv,nv
1170,ISIC_0029942.jpg,nv,nv,nv
1171,ISIC_0031050.jpg,bkl,bkl,bkl
1172,ISIC_0025596.jpg,vasc,nv,nv
1173,ISIC_0027592.jpg,nv,nv,nv
1174,ISIC_0029282.jpg,nv,nv,nv
1175,ISIC_0026819.jpg,nv,nv,nv
1176,ISIC_0026730.jpg,nv,nv,nv
1177,ISIC_0032279.jpg,nv,nv,nv
1178,ISIC_0028116.jpg,nv,nv,nv
1179,ISIC_0033372.jpg,bcc,nv,nv
1180,ISIC_0029583.jpg,nv,nv,nv
1181,ISIC_0031384.jpg,bcc,nv,nv
1182,ISIC_0024686.jpg,nv,nv,nv
1183,ISIC_0030202.jpg,nv,nv,nv
1184,ISIC_0030115.jpg,nv,bkl,bkl
1185,ISIC_0024442.jpg,nv,nv,nv
1186,ISIC_0028825.jpg,nv,nv,nv
1187,ISIC_0031675.jpg,nv,nv,nv
1188,ISIC_0033509.jpg,bkl,nv,nv
1189,ISIC_0029017.jpg,mel,nv,nv
1190,ISIC_0030723.jpg,bkl,bkl,bkl
1191,ISIC_0025366.jpg,bkl,nv,nv
1192,ISIC_0027707.jpg,nv,nv,nv
1193,ISIC_0032185.jpg,bcc,bcc,bcc
1194,ISIC_0030570.jpg,nv,nv,nv
1195,ISIC_0029185.jpg,nv,nv,nv
1196,ISIC_0025582.jpg,nv,nv,nv
1197,ISIC_0029095.jpg,nv,nv,nv
1198,ISIC_0026005.jpg,nv,nv,nv
1199,ISIC_0028353.jpg,nv,nv,nv
1200,ISIC_0031728.jpg,bcc,nv,nv
1201,ISIC_0032929.jpg,bkl,nv,nv
1202,ISIC_0033913.jpg,bkl,nv,nv
1203,ISIC_0025973.jpg,bkl,nv,nv
1204,ISIC_0032468.jpg,df,nv,nv
1205,ISIC_0027025.jpg,bkl,nv,nv
1206,ISIC_0034206.jpg,nv,nv,nv
1207,ISIC_0029323.jpg,bcc,nv,nv
1208,ISIC_0032644.jpg,nv,nv,nv
1209,ISIC_0030395.jpg,nv,nv,nv
1210,ISIC_0029325.jpg,nv,nv,nv
1211,ISIC_0025496.jpg,nv,nv,nv
1212,ISIC_0027064.jpg,bkl,nv,nv
1213,ISIC_0029754.jpg,nv,nv,nv
1214,ISIC_0032201.jpg,nv,nv,nv
1215,ISIC_0026845.jpg,bcc,bcc,bcc
1216,ISIC_0026069.jpg,bkl,nv,nv
1217,ISIC_0031445.jpg,nv,nv,nv
1218,ISIC_0033737.jpg,nv,nv,nv
1219,ISIC_0031927.jpg,akiec,bkl,bkl
1220,ISIC_0025733.jpg,nv,nv,nv
1221,ISIC_0033177.jpg,nv,nv,nv
1222,ISIC_0030556.jpg,nv,nv,nv
1223,ISIC_0030390.jpg,mel,nv,nv
1224,ISIC_0030083.jpg,mel,nv,nv
1225,ISIC_0027004.jpg,bcc,nv,nv
1226,ISIC_0030610.jpg,nv,nv,nv
1227,ISIC_0026711.jpg,nv,nv,nv
1228,ISIC_0031739.jpg,nv,nv,nv
1229,ISIC_0028591.jpg,nv,nv,nv
1230,ISIC_0026454.jpg,nv,nv,nv
1231,ISIC_0029207.jpg,nv,nv,nv
1232,ISIC_0027911.jpg,nv,nv,nv
1233,ISIC_0027003.jpg,nv,nv,nv
1234,ISIC_0025159.jpg,nv,nv,nv
1235,ISIC_0024335.jpg,nv,nv,nv
1236,ISIC_0024328.jpg,nv,nv,nv
1237,ISIC_0026822.jpg,nv,nv,nv
1238,ISIC_0032510.jpg,nv,nv,nv
1239,ISIC_0034303.jpg,bkl,nv,nv
1240,ISIC_0028595.jpg,nv,nv,nv
1241,ISIC_0034134.jpg,mel,nv,nv
1242,ISIC_0033584.jpg,nv,nv,nv
1243,ISIC_0031862.jpg,nv,nv,nv
1244,ISIC_0028893.jpg,nv,nv,nv
1245,ISIC_0031043.jpg,akiec,bkl,bkl
1246,ISIC_0025155.jpg,mel,nv,nv
1247,ISIC_0028989.jpg,bcc,nv,nv
1248,ISIC_0031074.jpg,nv,nv,nv
1249,ISIC_0031881.jpg,nv,nv,nv
1250,ISIC_0029068.jpg,bkl,nv,nv
1251,ISIC_0031006.jpg,nv,nv,nv
1252,ISIC_0033249.jpg,nv,nv,nv
1253,ISIC_0028875.jpg,nv,nv,nv
1254,ISIC_0028750.jpg,bkl,nv,nv
1255,ISIC_0030377.jpg,bkl,nv,nv
1256,ISIC_0026363.jpg,nv,nv,nv
1257,ISIC_0026455.jpg,nv,nv,nv
1258,ISIC_0031635.jpg,nv,nv,nv
1259,ISIC_0025671.jpg,nv,nv,nv
1260,ISIC_0030232.jpg,nv,nv,nv
1261,ISIC_0030525.jpg,nv,nv,nv
1262,ISIC_0029380.jpg,nv,nv,nv
1263,ISIC_0025907.jpg,nv,nv,nv
1264,ISIC_0025687.jpg,nv,nv,nv
1265,ISIC_0025283.jpg,nv,nv,nv
1266,ISIC_0027872.jpg,mel,nv,nv
1267,ISIC_0030437.jpg,nv,nv,nv
1268,ISIC_0031044.jpg,akiec,bkl,bkl
1269,ISIC_0031699.jpg,nv,nv,nv
1270,ISIC_0034002.jpg,mel,nv,nv
1271,ISIC_0031530.jpg,nv,nv,nv
1272,ISIC_0025266.jpg,bcc,bcc,bcc
1273,ISIC_0025052.jpg,nv,nv,nv
1274,ISIC_0027485.jpg,nv,nv,nv
1275,ISIC_0030746.jpg,bcc,bcc,bcc
1276,ISIC_0028325.jpg,mel,nv,nv
1277,ISIC_0031735.jpg,df,bkl,bkl
1278,ISIC_0025836.jpg,nv,nv,nv
1279,ISIC_0030445.jpg,mel,nv,nv
1280,ISIC_0033203.jpg,bcc,bcc,bcc
1281,ISIC_0030364.jpg,nv,nv,nv
1282,ISIC_0033816.jpg,nv,nv,nv
1283,ISIC_0027701.jpg,nv,nv,nv
1284,ISIC_0024926.jpg,nv,nv,nv
1285,ISIC_0027955.jpg,nv,nv,nv
1286,ISIC_0029736.jpg,nv,nv,nv
1287,ISIC_0031478.jpg,nv,nv,nv
1288,ISIC_0030421.jpg,nv,nv,nv
1289,ISIC_0033262.jpg,bkl,nv,nv
1290,ISIC_0029619.jpg,nv,nv,nv
1291,ISIC_0029133.jpg,akiec,bkl,bkl
1292,ISIC_0030324.jpg,mel,bkl,bkl
1293,ISIC_0029548.jpg,bkl,nv,nv
1294,ISIC_0024902.jpg,nv,nv,nv
1295,ISIC_0027515.jpg,nv,nv,nv
1296,ISIC_0025740.jpg,nv,nv,nv
1297,ISIC_0028127.jpg,mel,nv,nv
1298,ISIC_0032214.jpg,mel,nv,nv
1299,ISIC_0032096.jpg,nv,nv,nv
1300,ISIC_0033416.jpg,mel,nv,nv
1301,ISIC_0032294.jpg,nv,nv,nv
1302,ISIC_0030569.jpg,nv,nv,nv
1303,ISIC_0032144.jpg,nv,nv,nv
1304,ISIC_0027024.jpg,nv,nv,nv
1305,ISIC_0027062.jpg,nv,nv,nv
1306,ISIC_0030502.jpg,nv,nv,nv
1307,ISIC_0025149.jpg,nv,nv,nv
1308,ISIC_0033626.jpg,df,nv,nv
1309,ISIC_0028829.jpg,nv,nv,nv
1310,ISIC_0032958.jpg,mel,bkl,bkl
1311,ISIC_0031936.jpg,nv,nv,nv
1312,ISIC_0026297.jpg,nv,nv,nv
1313,ISIC_0031974.jpg,nv,nv,nv
1314,ISIC_0025500.jpg,mel,bkl,bkl
1315,ISIC_0029905.jpg,nv,nv,nv
1316,ISIC_0030425.jpg,nv,nv,nv
1317,ISIC_0030472.jpg,nv,nv,nv
1318,ISIC_0026054.jpg,nv,nv,nv
1319,ISIC_0026393.jpg,vasc,nv,nv
1320,ISIC_0024541.jpg,nv,nv,nv
1321,ISIC_0031005.jpg,mel,nv,nv
1322,ISIC_0029271.jpg,mel,nv,nv
1323,ISIC_0028492.jpg,nv,nv,nv
1324,ISIC_0024907.jpg,nv,nv,nv
1325,ISIC_0025403.jpg,nv,nv,nv
1326,ISIC_0029268.jpg,akiec,bkl,bkl
1327,ISIC_0029910.jpg,nv,nv,nv
1328,ISIC_0025937.jpg,bkl,nv,nv
1329,ISIC_0032633.jpg,nv,nv,nv
1330,ISIC_0027174.jpg,mel,nv,nv
1331,ISIC_0029208.jpg,nv,nv,nv
1332,ISIC_0030551.jpg,nv,nv,nv
1333,ISIC_0026768.jpg,nv,nv,nv
1334,ISIC_0028769.jpg,nv,nv,nv
1335,ISIC_0027655.jpg,nv,nv,nv
1336,ISIC_0030915.jpg,bcc,bkl,bkl
1337,ISIC_0031980.jpg,bkl,bkl,bkl
1338,ISIC_0029289.jpg,bkl,nv,nv
1339,ISIC_0030334.jpg,nv,nv,nv
1340,ISIC_0031036.jpg,nv,nv,nv
1341,ISIC_0028170.jpg,nv,nv,nv
1342,ISIC_0032085.jpg,nv,nv,nv
1343,ISIC_0024924.jpg,nv,nv,nv
1344,ISIC_0029370.jpg,mel,nv,nv
1345,ISIC_0026657.jpg,nv,nv,nv
1346,ISIC_0026075.jpg,nv,nv,nv
1347,ISIC_0024550.jpg,bcc,bcc,bcc
1348,ISIC_0024856.jpg,nv,nv,nv
1349,ISIC_0028860.jpg,mel,nv,nv
1350,ISIC_0033114.jpg,mel,nv,nv
1351,ISIC_0030298.jpg,nv,nv,nv
1352,ISIC_0031595.jpg,nv,nv,nv
1353,ISIC_0031962.jpg,nv,nv,nv
1354,ISIC_0027676.jpg,nv,nv,nv
1355,ISIC_0027717.jpg,nv,nv,nv
1356,ISIC_0031875.jpg,nv,nv,nv
1357,ISIC_0028217.jpg,nv,nv,nv
1358,ISIC_0033814.jpg,mel,nv,nv
1359,ISIC_0031304.jpg,nv,nv,nv
1360,ISIC_0028892.jpg,nv,nv,nv
1361,ISIC_0029249.jpg,bkl,nv,nv
1362,ISIC_0024394.jpg,nv,nv,nv
1363,ISIC_0029863.jpg,nv,nv,nv
1364,ISIC_0032267.jpg,nv,nv,nv
1365,ISIC_0033766.jpg,nv,nv,nv
1366,ISIC_0031515.jpg,nv,nv,nv
1367,ISIC_0028186.jpg,nv,nv,nv
1368,ISIC_0031892.jpg,nv,nv,nv
1369,ISIC_0029745.jpg,bcc,nv,nv
1370,ISIC_0028896.jpg,nv,nv,nv
1371,ISIC_0033161.jpg,nv,nv,nv
1372,ISIC_0033031.jpg,vasc,vasc,vasc
1373,ISIC_0031851.jpg,bkl,bcc,bcc
1374,ISIC_0030283.jpg,vasc,nv,nv
1375,ISIC_0032255.jpg,nv,nv,nv
1376,ISIC_0026904.jpg,nv,nv,nv
1377,ISIC_0031497.jpg,nv,nv,nv
1378,ISIC_0025896.jpg,nv,nv,nv
1379,ISIC_0028074.jpg,nv,nv,nv
1380,ISIC_0032153.jpg,nv,nv,nv
1381,ISIC_0026914.jpg,nv,nv,nv
1382,ISIC_0024875.jpg,mel,bcc,bcc
1383,ISIC_0030911.jpg,nv,nv,nv
1384,ISIC_0027205.jpg,nv,nv,nv
1385,ISIC_0026348.jpg,nv,nv,nv
1386,ISIC_0025455.jpg,nv,nv,nv
1387,ISIC_0029818.jpg,nv,nv,nv
1388,ISIC_0027886.jpg,nv,nv,nv
1389,ISIC_0030540.jpg,nv,nv,nv
1390,ISIC_0029680.jpg,bcc,nv,nv
1391,ISIC_0025990.jpg,nv,nv,nv
1392,ISIC_0032311.jpg,nv,nv,nv
1393,ISIC_0028489.jpg,mel,nv,nv
1394,ISIC_0032131.jpg,nv,nv,nv
1395,ISIC_0024921.jpg,nv,nv,nv
1396,ISIC_0026310.jpg,nv,nv,nv
1397,ISIC_0033944.jpg,nv,nv,nv
1398,ISIC_0027964.jpg,mel,nv,nv
1399,ISIC_0025718.jpg,bcc,bcc,bcc
1400,ISIC_0027933.jpg,nv,nv,nv
1401,ISIC_0027452.jpg,akiec,nv,nv
1402,ISIC_0030282.jpg,nv,nv,nv
1403,ISIC_0024772.jpg,bkl,nv,nv
1404,ISIC_0030789.jpg,bkl,bkl,bkl
1405,ISIC_0024684.jpg,nv,bkl,bkl
1406,ISIC_0027107.jpg,df,bkl,bkl
1407,ISIC_0031643.jpg,bcc,bcc,bcc
1408,ISIC_0029555.jpg,bkl,nv,nv
1409,ISIC_0026186.jpg,nv,nv,nv
1410,ISIC_0030571.jpg,nv,nv,nv
1411,ISIC_0027109.jpg,nv,nv,nv
1412,ISIC_0032926.jpg,nv,nv,nv
1413,ISIC_0029065.jpg,nv,nv,nv
1414,ISIC_0033382.jpg,nv,nv,nv
1415,ISIC_0031258.jpg,bcc,nv,nv
1416,ISIC_0025295.jpg,nv,nv,nv
1417,ISIC_0032548.jpg,nv,nv,nv
1418,ISIC_0025481.jpg,nv,nv,nv
1419,ISIC_0028852.jpg,nv,nv,nv
1420,ISIC_0032438.jpg,nv,nv,nv
1421,ISIC_0031447.jpg,nv,nv,nv
1422,ISIC_0034098.jpg,nv,nv,nv
1423,ISIC_0032458.jpg,nv,nv,nv
1424,ISIC_0032241.jpg,nv,nv,nv
1425,ISIC_0031171.jpg,bcc,nv,nv
1426,ISIC_0030413.jpg,nv,nv,nv
1427,ISIC_0032802.jpg,nv,nv,nv
1428,ISIC_0025040.jpg,bkl,nv,nv
1429,ISIC_0027157.jpg,nv,nv,nv
1430,ISIC_0032150.jpg,nv,nv,nv
1431,ISIC_0025904.jpg,mel,nv,nv
1432,ISIC_0030406.jpg,nv,nv,nv
1433,ISIC_0027896.jpg,akiec,bkl,bkl
1434,ISIC_0027793.jpg,mel,nv,nv
1435,ISIC_0033559.jpg,mel,nv,nv
1436,ISIC_0033870.jpg,nv,nv,nv
1437,ISIC_0029367.jpg,nv,nv,nv
1438,ISIC_0030043.jpg,nv,nv,nv
1439,ISIC_0032385.jpg,nv,nv,nv
1440,ISIC_0025897.jpg,nv,nv,nv
1441,ISIC_0033995.jpg,mel,nv,nv
1442,ISIC_0031246.jpg,nv,nv,nv
1443,ISIC_0029343.jpg,mel,nv,nv
1444,ISIC_0028894.jpg,nv,nv,nv
1445,ISIC_0025819.jpg,bkl,nv,nv
1446,ISIC_0033629.jpg,bkl,nv,nv
1447,ISIC_0025160.jpg,nv,nv,nv
1448,ISIC_0026259.jpg,nv,nv,nv
1449,ISIC_0024955.jpg,nv,nv,nv
1450,ISIC_0030960.jpg,nv,nv,nv
1451,ISIC_0028009.jpg,nv,nv,nv
1452,ISIC_0034236.jpg,mel,nv,nv
1453,ISIC_0026039.jpg,nv,nv,nv
1454,ISIC_0032398.jpg,nv,nv,nv
1455,ISIC_0029679.jpg,nv,nv,nv
1456,ISIC_0026334.jpg,nv,nv,nv
1457,ISIC_0029357.jpg,nv,nv,nv
1458,ISIC_0031571.jpg,nv,nv,nv
1459,ISIC_0027557.jpg,nv,nv,nv
1460,ISIC_0033484.jpg,nv,nv,nv
1461,ISIC_0025406.jpg,nv,nv,nv
1462,ISIC_0027780.jpg,bkl,nv,nv
1463,ISIC_0027217.jpg,nv,nv,nv
1464,ISIC_0026053.jpg,nv,nv,nv
1465,ISIC_0028699.jpg,nv,nv,nv
1466,ISIC_0024602.jpg,bkl,nv,nv
1467,ISIC_0025014.jpg,nv,nv,nv
1468,ISIC_0032894.jpg,bcc,bcc,bcc
1469,ISIC_0028731.jpg,nv,nv,nv
1470,ISIC_0033118.jpg,nv,nv,nv
1471,ISIC_0032645.jpg,mel,nv,nv
1472,ISIC_0027748.jpg,nv,nv,nv
1473,ISIC_0030098.jpg,nv,nv,nv
1474,ISIC_0026143.jpg,nv,nv,nv
1475,ISIC_0025047.jpg,nv,nv,nv
1476,ISIC_0024617.jpg,nv,nv,nv
1477,ISIC_0030289.jpg,nv,nv,nv
1478,ISIC_0033724.jpg,nv,nv,nv
1479,ISIC_0033677.jpg,bkl,nv,nv
1480,ISIC_0033587.jpg,bkl,nv,nv
1481,ISIC_0026890.jpg,nv,nv,nv
1482,ISIC_0026097.jpg,nv,nv,nv
1483,ISIC_0026894.jpg,nv,nv,nv
1484,ISIC_0032450.jpg,mel,nv,nv
1485,ISIC_0029638.jpg,akiec,nv,nv
1486,ISIC_0025849.jpg,nv,nv,nv
1487,ISIC_0033742.jpg,nv,nv,nv
1488,ISIC_0033298.jpg,nv,nv,nv
1489,ISIC_0032098.jpg,mel,nv,nv
1490,ISIC_0032338.jpg,nv,nv,nv
1491,ISIC_0030841.jpg,nv,nv,nv
1492,ISIC_0026420.jpg,mel,bcc,bcc
1493,ISIC_0025927.jpg,mel,nv,nv
1494,ISIC_0032739.jpg,nv,nv,nv
1495,ISIC_0029267.jpg,nv,nv,nv
1496,ISIC_0028243.jpg,nv,nv,nv
1497,ISIC_0026565.jpg,nv,nv,nv
1498,ISIC_0029181.jpg,nv,nv,nv
1499,ISIC_0024497.jpg,nv,nv,nv
1500,ISIC_0025209.jpg,bkl,bkl,bkl
1501,ISIC_0032165.jpg,nv,nv,nv
1502,ISIC_0024999.jpg,mel,nv,nv
